{
  "id": "2e68befb-8d18-4e92-b345-05d9d89ecaa9",
  "color": {
    "r": 0.3019607961177826,
    "g": 0.10196078568696976,
    "b": 0.3019607961177826
  },
  "width": 800,
  "height": 690
}