{
  "id": "4022f583-76a8-4dad-bebe-1ba40ed4eb0c",
  "color": {
    "r": 0.3019607961177826,
    "g": 0.4000000059604645,
    "b": 0.800000011920929
  },
  "width": 900,
  "height": 800
}