{
  "id": "457d91bb-3647-48d4-9ecf-1cf2d8e209af",
  "color": {
    "r": 0.4000000059604645,
    "g": 0.3019607961177826,
    "b": 0.7019608020782471
  },
  "width": 900,
  "height": 800
}