{
  "id": "a533186f-7657-4b65-865d-bdbc939946ec",
  "color": {
    "r": 0.800000011920929,
    "g": 0.6000000238418579,
    "b": 0.20000000298023224
  },
  "width": 900,
  "height": 780
}