{
  "id": "ad05cd0e-613e-4370-825e-d24de2083cf6",
  "color": {
    "r": 0.6000000238418579,
    "g": 0.6000000238418579,
    "b": 0.0
  },
  "width": 876,
  "height": 543
}