{
  "id": "f6320121-3ad3-499c-b15e-d06f3b673cb9",
  "color": {
    "r": 0.20000000298023224,
    "g": 0.10196078568696976,
    "b": 0.501960813999176
  },
  "width": 1000,
  "height": 850
}